{
 "D1_notional": {
  "beta_twfe": 0.03340067405251479,
  "beta_diff": 0.03340067405251501,
  "se_hac": 0.13841807712485427,
  "t_hac": 0.24130283230554722,
  "p_hac": 0.8093204158800082,
  "n_months": 48,
  "pct_effect": 3.396473909836871
 },
 "D1_premium": {
  "beta_twfe": -0.07198256238701584,
  "beta_diff": -0.07198256238701614,
  "se_hac": 0.11405210470383008,
  "t_hac": -0.6311375188905114,
  "p_hac": 0.5279506111208289,
  "n_months": 36,
  "pct_effect": -6.945287780968934
 },
 "pretrend_notional": {
  "slope": 0.02196831021143264,
  "se": 0.007081560033677666,
  "p": 0.0019209778554714588,
  "n": 31
 },
 "pretrend_premium": {
  "slope": -0.033352506064243115,
  "se": 0.006336719060103533,
  "p": 1.4143742770261037e-07,
  "n": 19
 },
 "ITS_idxopt_notional": {
  "level": -0.838360280438851,
  "level_se": 0.09071107157941699,
  "level_p": 2.4171887007380414e-20,
  "slope": -0.023156381983164193,
  "slope_se": 0.005082561587925838,
  "slope_p": 5.212564336647083e-06,
  "trend_pre": 0.05967135318080306,
  "n": 48,
  "r2": 0.9524727826338706
 },
 "ITS_idxopt_premium": {
  "level": -0.4293940479151379,
  "level_se": 0.0637340406092892,
  "level_p": 1.6137952479442406e-11,
  "slope": 0.007671032819610402,
  "slope_se": 0.006202584248925596,
  "slope_p": 0.21618070315677573,
  "trend_pre": 0.021724867395422263,
  "n": 36,
  "r2": 0.6182055675999549
 },
 "ITS_stkopt_notional": {
  "level": -0.2601930697565922,
  "level_se": 0.05636177492183986,
  "level_p": 3.903015144083253e-06,
  "slope": -0.03126486946206114,
  "slope_se": 0.004880052016964983,
  "slope_p": 1.4873493184705543e-10,
  "trend_pre": 0.038159897732824306,
  "n": 48,
  "r2": 0.9003370359674544
 },
 "ITS_cash": {
  "level": -0.33739972238342986,
  "level_se": 0.07660391721487063,
  "level_p": 1.0604238526915161e-05,
  "slope": -0.02487430562039783,
  "slope_se": 0.006155389535363592,
  "slope_p": 5.320987617465522e-05,
  "trend_pre": 0.03690652019775416,
  "n": 48,
  "r2": 0.8214287527389891
 },
 "ITS_stk_fut": {
  "level": -0.2689073467893257,
  "level_se": 0.09019043514779569,
  "level_p": 0.0028679264064081734,
  "slope": -0.029399089028601527,
  "slope_se": 0.006676620999288917,
  "slope_p": 1.066221844853236e-05,
  "trend_pre": 0.03285071740357546,
  "n": 48,
  "r2": 0.8148914952506772
 },
 "D4_cohort": {
  "beta": -0.4682904747074971,
  "se": 0.13669292300530259,
  "p": 0.0006128618352083658,
  "n": 12,
  "p_perm": 0.1
 },
 "rob_placebo_nov23_notional": {
  "beta": 0.24262282810699043,
  "se": 0.139775955535841,
  "p": 0.08259955277007494,
  "n": 31
 },
 "rob_placebo_nov23_premium": {
  "beta": -0.3870680724858262,
  "se": 0.06476992765760006,
  "p": 2.2861835390262183e-09,
  "n": 19
 },
 "rob_droptrans_notional": {
  "beta": 0.04760427143847379,
  "se": 0.14138522253661384,
  "p": 0.7363437725171442,
  "n": 46
 },
 "rob_droptrans_premium": {
  "beta": -0.06613052036900696,
  "se": 0.11303589856251582,
  "p": 0.5585208313987632,
  "n": 34
 },
 "rob_dropJS_notional": {
  "beta": 0.020845844313182926,
  "se": 0.14104184216627522,
  "p": 0.8825013924965145,
  "n": 46
 },
 "rob_dropJS_premium": {
  "beta": -0.07194600817998303,
  "se": 0.11667313108999293,
  "p": 0.5374683108529661,
  "n": 34
 },
 "rob_endMar25_notional": {
  "beta": -0.1672017535296514,
  "se": 0.10987969708818779,
  "p": 0.1280892446544574,
  "n": 36
 },
 "rob_endMar25_premium": {
  "beta": -0.209918973989156,
  "se": 0.10344423079682515,
  "p": 0.0424281404439326,
  "n": 24
 },
 "rob_ctrl_stkfut_notional": {
  "beta_twfe": 0.16125195556731964,
  "beta_diff": 0.16125195556731936,
  "se_hac": 0.1679277608910362,
  "t_hac": 0.9602459695270481,
  "p_hac": 0.33693143587039176,
  "n_months": 48,
  "pct_effect": 17.498097452018754
 },
 "rob_nseonly_notional": {
  "beta_twfe": -0.3737057781072567,
  "beta_diff": -0.3737057781072569,
  "se_hac": 0.10612210931805381,
  "t_hac": -3.521469564718508,
  "p_hac": 0.0004291619288768899,
  "n_months": 48,
  "pct_effect": -31.182064052105375
 },
 "TA_notional": {
  "level": -0.5731995261686732,
  "level_se": 0.1475029037571549,
  "level_p": 0.0001019002841987088,
  "slope": 0.008817861682978649,
  "slope_se": 0.007753269443906961,
  "slope_p": 0.25540921104140146,
  "pretrend": 0.021968310211432453,
  "pretrend_se": 0.007081560033677642,
  "gap6": -0.5202923560708013,
  "gap12": -0.46738518597292944,
  "n": 48,
  "short_run_nov_may": -0.5570492571330842,
  "short_run_pct": -42.71029559074375
 },
 "TA_premium": {
  "level": -0.006935762395359757,
  "level_se": 0.05804313290378639,
  "level_p": 0.9048845901101927,
  "slope": 0.059477589907190986,
  "slope_se": 0.009636184072162485,
  "slope_p": 6.729608423366524e-10,
  "pretrend": -0.033352506064243115,
  "pretrend_se": 0.0063367190601036315,
  "gap6": 0.34992977704778616,
  "gap12": 0.7067953164909321,
  "n": 36,
  "short_run_nov_may": 0.23961968098174677,
  "short_run_pct": 27.076576201930795
 },
 "magnitudes": {
  "idxopt_prem": {
   "adt_post": 58833.65951686505,
   "adt_pre": 67608.17775875711,
   "yoy_pct": -12.978486527475619
  },
  "idxopt_notional": {
   "adt_post": 31721632.032849677,
   "adt_pre": 44831747.64009636,
   "yoy_pct": -29.242927829833988
  },
  "stkopt_prem": {
   "adt_post": 7527.893765278982,
   "adt_pre": 8058.091564446371,
   "yoy_pct": -6.579694396955094
  },
  "stkopt_notional": {
   "adt_post": 489938.2734001783,
   "adt_pre": 487559.6806807037,
   "yoy_pct": 0.4878567309244408
  },
  "idx_fut": {
   "adt_post": 33621.624159427236,
   "adt_pre": 37076.26355697177,
   "yoy_pct": -9.31765789245752
  },
  "stk_fut": {
   "adt_post": 130661.2060888732,
   "adt_pre": 142773.8421306428,
   "yoy_pct": -8.483792171598303
  },
  "cash_turnover": {
   "adt_post": 106452.84698050849,
   "adt_pre": 117734.99862903226,
   "yoy_pct": -9.582665970101523
  }
 },
 "sensitivity": {
  "theta_hat": 0.021968310211432626,
  "theta_se": 0.0070815600336776655,
  "effect_at_theta_hat": -0.5570492571330838,
  "effect_at_zero": -0.46917601628735334,
  "theta_star": -0.1172,
  "M_se": -19.65221074870396,
  "ratio": -5.334957439694539
 }
}